Iteracje, Blad, Czy Afiniczna, Pary, Czas
10200, 4, true, 26, 5.928401040000001
10200, 8, true, 30, 5.904001910000001
10200, 12, true, 31, 5.763844359600001
10200, 16, true, 34, 5.2086561701
10200, 20, true, 34, 5.3129906401
10200, 24, true, 35, 5.255290770099999
Iteracje, Blad, Czy Afiniczna, Pary, Czas
10, 20, true, 29, 4.0670072399
20, 20, true, 30, 4.03948906
50, 20, true, 32, 3.923755130200001
100, 20, true, 33, 4.2100189699
1000, 20, true, 34, 3.9392781299
10000, 20, true, 34, 4.148499
